NO,SOIL_VV,SOIL_VH,RMSH,CL,DEM,ASPECT,SLOPE,SMTRUE
1,-25.9841,-17.6114,0.696120396,14.69,1339,98.9726,89.9924,11.93
2,-24.4386,-16.6692,0.696120396,14.69,1342,225,89.9743,12.75
3,-25.1735,-14.3204,0.696120396,14.69,1342,281.31,89.9715,10.85
4,-23.0672,-15.1928,0.696120396,14.69,1342,39.2894,89.9898,12.43
5,-24.8306,-13.7166,0.696120396,14.69,1341,45,89.9657,12.78
6,-25.2932,-19.336,0.696120396,14.69,1361,293.749,89.9947,11.3
7,-26.2268,-20.5204,0.696120396,14.69,1353,276.34,89.9839,11.4
8,-24.2883,-18.349,0.696120396,14.69,1353,270,89.9909,11.24
9,-26.6622,-17.0749,0.696120396,14.69,1366,278.13,89.9949,9.48
10,-26.1893,-16.8583,0.696120396,14.69,1361,287.354,89.9957,11.3
11,-26.0062,-18.4978,0.696120396,14.69,1341,45,89.9853,11.84
12,-26.8836,-17.6909,0.696120396,14.69,1345,327.529,89.9888,12.53
13,-26.2251,-18.0057,0.696120396,14.69,1343,191.31,89.9715,12.06
14,-26.5092,-18.5819,0.696120396,14.69,1343,180,89.9636,10.82
15,-26.1827,-18.0986,0.696120396,14.69,1346,101.31,89.9857,13.92
16,-24.2662,-15.6907,1.036054672,31.965,1298,296.565,89.9675,19.22
17,-21.8055,-14.8921,1.036054672,31.965,1298,120.964,89.975,17.36
18,-25.2427,-15.9395,1.036054672,31.965,1299,336.801,89.9904,13.96
19,-23.7725,-13.1701,1.036054672,31.965,1299,36.8699,89.9855,11.88
20,-24.1769,-15.1733,1.036054672,31.965,1298,300.964,89.975,13.34
21,-22.2481,-14.1599,1.036054672,31.965,1299,0,89.9818,14.22
22,-23.1848,-12.8606,1.036054672,31.965,1300,18.4349,89.9885,17.08
23,-18.0263,-13.4186,1.036054672,31.965,1299,135,89.9743,13.24
24,-22.5716,-15.2386,1.036054672,31.965,1297,149.036,89.975,12.9
25,-24.5596,-16.7309,1.036054672,31.965,1301,149.036,89.975,16.12
26,-22.7065,-14.3137,1.036054672,31.965,1300,275.194,89.9868,12.14
27,-23.5639,-14.1928,1.036054672,31.965,1301,123.69,89.9899,12.64
28,-19.6745,-12.2821,1.036054672,31.965,1299,278.13,89.9794,24.8
29,-19.7065,-11.2268,1.036054672,31.965,1300,-1,0,12.93
30,-22.3796,-12.9423,1.036054672,31.965,1300,326.31,89.9798,20.28
31,-22.7831,-15.0683,1.605397107,21.04,1313,333.435,89.9892,14.9
32,-24.0368,-16.8331,1.605397107,21.04,1312,-1,0,11.06
33,-21.0257,-14.3319,1.605397107,21.04,1316,225,89.9743,15.83
34,-24.012,-14.1509,1.605397107,21.04,1314,180,89.9879,17.8
35,-24.3627,-17.2463,1.605397107,21.04,1316,348.69,89.9857,12.72
36,-21.8607,-14.479,1.605397107,21.04,1309,354.806,89.9868,29
37,-25.6446,-16.2331,1.605397107,21.04,1309,0,89.9896,18.2
38,-24.0271,-16.0011,1.605397107,21.04,1309,191.31,89.9715,19.52
39,-24.7277,-17.6597,1.605397107,21.04,1308,180,89.9818,23.38
40,-22.6097,-14.538,1.605397107,21.04,1310,135,89.9743,24.1
41,-25.4253,-17.4803,1.239204998,14.00333333,1324,63.4349,89.9675,17.13
42,-25.141,-16.0947,1.239204998,14.00333333,1323,216.87,89.9855,15.73
43,-25.0923,-15.8539,1.239204998,14.00333333,1321,180,89.9757,16.57
44,-23.9476,-14.7448,1.239204998,14.00333333,1326,273.366,89.9915,17.3
45,-25.3273,-16.9523,1.239204998,14.00333333,1322,239.036,89.975,19.07
46,-25.2428,-18.7481,1.239204998,14.00333333,1339,180,89.9272,14.53
47,-24.6944,-19.7548,1.239204998,14.00333333,1337,315,89.9657,14.73
48,-25.2271,-16.105,1.239204998,14.00333333,1337,168.69,89.9715,13.37
49,-25.2681,-17.8689,1.239204998,14.00333333,1336,168.69,89.9857,15.6
50,-24.833,-17.2974,1.239204998,14.00333333,1338,168.69,89.9715,17.2
51,-23.5899,-14.0007,1.239204998,14.00333333,1342,251.565,89.9847,23.33
52,-25.625,-17.8347,1.239204998,14.00333333,1337,293.199,89.9809,21.27
53,-25.8842,-15.7857,1.239204998,14.00333333,1338,213.69,89.9798,20.87
54,-23.7319,-16.7736,1.239204998,14.00333333,1339,198.435,89.977,25.53
55,-24.3852,-15.2169,1.239204998,14.00333333,1339,263.66,89.9839,25.15
56,-20.649,-14.7705,3.437016133,24.585,1320,26.5651,89.9675,27.63
57,-22.7562,-16.1328,3.437016133,24.585,1323,14.0362,89.9824,28.9
58,-20.7461,-14.3445,3.437016133,24.585,1322,143.13,89.9855,20.23
59,-21.0038,-14.1983,3.437016133,24.585,1321,135,89.8971,22.57
60,-20.9503,-14.1768,3.437016133,24.585,1321,116.565,89.9675,27.77
61,-20.8283,-14.1399,3.437016133,24.585,1320,161.565,89.977,27.2
62,-20.2075,-11.7271,3.437016133,24.585,1322,-1,0,30.48
63,-16.0193,-10.7837,3.437016133,24.585,1322,71.565,89.954,16.78
64,-19.7172,-10.9325,3.437016133,24.585,1322,206.565,89.9675,30.63
65,-18.8412,-13.9639,3.437016133,24.585,1322,135,89.8971,22.18
66,-24.0062,-14.3759,3.437016133,24.585,1326,45,89.9657,38.88
67,-24.1515,-15.9538,3.437016133,24.585,1324,236.31,89.9899,33.13
68,-24.9702,-16.2538,3.437016133,24.585,1323,111.801,89.9865,36.48
69,-22.3683,-14.9224,3.437016133,24.585,1326,341.565,89.954,40
70,-23.9471,-11.6374,0.460650239,13.715,1330,0,89.9855,17.07
71,-20.668,-15.0638,0.460650239,13.715,1329,270,89.9818,17.67
72,-25.8461,-15.7215,0.460650239,13.715,1329,270,89.9855,19.2
73,-26.394,-16.7519,0.460650239,13.715,1332,270,89.9272,21.6
74,-24.9408,-13.9717,0.460650239,13.715,1332,281.31,89.9857,16.47
75,-25.5519,-13.3039,0.460650239,13.715,1327,180,89.9757,38.43
76,-24.7127,-13.524,0.460650239,13.715,1327,315,89.9657,32.2
77,-24.2276,-14.7047,0.460650239,13.715,1326,251.565,89.954,29.17
78,-25.1652,-15.6149,0.460650239,13.715,1327,341.565,89.977,35.37
79,-26.5295,-14.4997,0.460650239,13.715,1326,-1,0,28.8
80,-23.0221,-14.0187,0.64779044,11.79,1324,291.801,89.9865,12.53
81,-22.5338,-13.643,0.64779044,11.79,1325,90,89.9636,27.3
82,-23.1096,-14.4032,0.64779044,11.79,1331,21.0375,89.9896,31.37
83,-20.0517,-13.3502,0.64779044,11.79,1328,326.31,89.9798,32.17
84,-20.8951,-12.9375,0.64779044,11.79,1325,350.538,89.988,33.4
85,-21.4593,-14.2772,0.64779044,11.79,1331,306.87,89.9855,21.67
86,-24.7162,-14.4754,0.64779044,11.79,1328,353.66,89.9839,9.93
87,-24.7724,-13.7859,0.64779044,11.79,1323,240.945,89.9859,29.77
88,-24.1368,-14.3794,0.64779044,11.79,1327,225,89.9794,23.53
89,-22.6068,-13.1727,0.64779044,11.79,1330,225,89.9921,22.17
90,-25.5794,-14.4496,0.88863654,21.6,1356,123.69,89.9798,22.87
91,-25.3956,-16.4899,0.88863654,21.6,1355,307.875,89.9872,22.67
92,-25.8219,-16.8447,0.88863654,21.6,1353,206.565,89.9919,29.37
93,-22.8682,-14.5372,0.88863654,21.6,1352,90,89.9636,30.33
94,-25.4187,-12.5183,0.88863654,21.6,1356,126.87,89.9855,26.53
95,-25.1483,-14.5096,0.88863654,21.6,1362,195.255,89.9872,22.37
96,-24.1742,-14.1102,0.88863654,21.6,1361,174.806,89.9868,28.8
97,-24.977,-12.423,0.88863654,21.6,1362,29.7449,89.991,24
98,-23.8499,-11.8973,0.88863654,21.6,1360,0,89.9757,21.3
99,-24.4593,-15.389,0.88863654,21.6,1360,168.69,89.9715,21.27
100,-23.8092,-15.5676,0.88863654,21.6,1354,341.565,89.954,23.27
101,-24.9006,-13.7126,0.88863654,21.6,1355,90,89.9879,23.07
102,-25.7165,-16.147,0.88863654,21.6,1356,26.5651,89.9837,26.37
103,-24.9682,-15.9392,0.88863654,21.6,1355,11.3099,89.9905,22.43
104,-25.0105,-15.4462,0.88863654,21.6,1354,45,89.9743,19
105,-25.1528,-14.4764,0.837141865,18.38,1332,18.4349,89.9908,12.47
106,-25.5048,-16.4658,0.837141865,18.38,1333,270,89.9757,23.05
107,-25.472,-17.5623,0.837141865,18.38,1335,105.255,89.9872,16.47
108,-25.3461,-17.0973,0.837141865,18.38,1333,324.462,89.9831,18.7
109,-24.4143,-14.0428,0.837141865,18.38,1332,30.9638,89.975,14.63
110,-22.3279,-11.2434,0.837141865,18.38,1334,180,89.9757,16.97
111,-17.3745,-11.062,0.837141865,18.38,1334,225,89.8971,23.7
112,-19.4994,-7.80129,0.837141865,18.38,1331,18.4349,89.954,13.3
113,-18.6393,-11.8294,0.837141865,18.38,1332,333.435,89.9837,18.23
114,-21.1575,-11.5777,0.837141865,18.38,1333,168.69,89.9857,19.73
115,-21.4484,-17.2983,0.837141865,18.38,1335,180,89.9636,18.6
116,-25.1531,-13.5591,0.837141865,18.38,1331,90,89.9636,18.53
117,-25.0038,-15.908,0.837141865,18.38,1331,11.3099,89.9857,16.92
118,-25.333,-16.6997,0.837141865,18.38,1333,0,89.9896,16.1
119,-25.1032,-13.0833,0.837141865,18.38,1332,95.1944,89.9868,19.43
120,-20.0662,-12.5837,1.123970412,13.98166667,1370,65.9245,89.9972,15
121,-17.4872,-12.9388,1.123970412,13.98166667,1385,94.7636,89.994,22.07
122,-16.2814,-10.5532,1.123970412,13.98166667,1378,137.862,89.9949,21.5
123,-20.0282,-13.7651,1.123970412,13.98166667,1370,114.444,89.994,18.73
124,-20.0424,-13.6671,1.123970412,13.98166667,1380,129.806,89.9907,20.67
125,-17.9584,-8.41656,1.123970412,13.98166667,1371,3.50353,89.997,15.17
126,-19.6052,-12.7811,1.123970412,13.98166667,1371,350.538,89.996,12.2
127,-20.9085,-11.7961,1.123970412,13.98166667,1370,172.875,89.9955,13.17
128,-22.7593,-11.8138,1.123970412,13.98166667,1379,214.695,89.9954,12.97
129,-24.3971,-16.0159,1.123970412,13.98166667,1378,233.746,89.9922,11.97
130,-18.801,-9.75393,1.123970412,13.98166667,1374,104.036,89.9824,15.57
131,-20.22,-13.4094,1.123970412,13.98166667,1375,309.289,89.9898,18.17
132,-19.6877,-12.5043,1.123970412,13.98166667,1362,173.66,89.9946,15.23
133,-18.67,-10.4996,1.123970412,13.98166667,1362,232.595,89.9932,13.33
134,-18.5748,-11.4024,1.123970412,13.98166667,1370,172.694,89.9963,14.7
135,-19.8435,-13.2783,1.230265247,9.9275,1358,308.66,89.9943,12.37
136,-18.585,-11.0401,1.230265247,9.9275,1356,355.914,89.9948,16.9
137,-18.48,-14.0758,1.230265247,9.9275,1361,291.801,89.9932,12.53
138,-17.3123,-10.3133,1.230265247,9.9275,1363,30.9638,89.995,13.53
139,-16.0217,-10.6974,1.230265247,9.9275,1364,0,89.9927,11.53
140,-21.5263,-13.3239,1.230265247,9.9275,1356,4.39871,89.9888,15.13
141,-18.9578,-10.382,1.230265247,9.9275,1359,12.0948,89.9949,16.72
142,-15.5055,-12.124,1.230265247,9.9275,1379,20.2249,89.9928,17.27
143,-23.7632,-14.567,1.230265247,9.9275,1363,63.4349,89.9919,15.32
144,-20.84,-10.5634,1.230265247,9.9275,1366,29.0546,89.9965,17.1
145,-12.9599,-9.63076,1.230265247,9.9275,1371,291.371,89.9941,12.17
146,-18.4942,-8.16473,1.230265247,9.9275,1365,14.0362,89.9941,11.8
147,-16.8058,-11.8039,1.230265247,9.9275,1380,48.5763,89.9936,12.07
148,-16.2094,-10.786,1.230265247,9.9275,1378,354.806,89.9868,10.9
149,-17.9123,-10.3312,1.230265247,9.9275,1375,10.008,89.9958,10.3
150,-15.8831,-12.5173,1.142046847,7.255,1357,356.987,89.9923,24.3
151,-15.5826,-10.7143,1.142046847,7.255,1363,329.036,89.9875,16.18
152,-18.5081,-11.7512,1.142046847,7.255,1362,265.236,89.994,24.8
153,-15.9396,-9.21419,1.142046847,7.255,1362,124.992,89.994,22.83
154,-18.6079,-12.8493,1.142046847,7.255,1363,3.36646,89.9915,21.3
155,-14.7738,-8.75591,1.142046847,7.255,1366,348.69,89.9715,12.27
156,-15.2762,-11.3999,1.142046847,7.255,1368,151.699,89.9901,13.57
157,-16.1199,-12.1117,1.142046847,7.255,1367,0,89.9818,15.3
158,-17.2487,-8.92978,1.142046847,7.255,1368,315,89.9897,11.18
159,-14.5416,-11.5018,1.142046847,7.255,1367,315,89.9743,12.08
160,-20.1422,-9.35615,1.142046847,7.255,1346,102.995,89.9964,15.27
161,-18.6132,-10.5796,1.142046847,7.255,1352,161.565,89.977,16.23
162,-21.6445,-12.0203,1.142046847,7.255,1350,108.435,89.977,11.65
163,-21.104,-11.71,1.142046847,7.255,1352,336.038,89.9926,13.68
164,-21.8528,-12.5166,1.142046847,7.255,1349,116.565,89.9675,15.63
165,-22.4036,-14.5698,1.142046847,7.255,1361,171.87,89.9794,10.47
166,-23.3729,-13.393,1.142046847,7.255,1363,163.61,89.9918,15.87
167,-21.9023,-11.4813,1.142046847,7.255,1361,38.6598,89.9886,14.87
168,-23.5559,-12.0472,1.142046847,7.255,1360,71.565,89.954,14.17
169,-22.9055,-13.3503,1.142046847,7.255,1360,165.964,89.9824,13.87
170,-18.1092,-12.0737,1.781638448,11.52,1361,81.8699,89.9794,22.78
171,-19.3918,-15.3117,1.781638448,11.52,1362,225,89.8971,21.13
172,-19.1941,-12.4847,1.781638448,11.52,1360,206.565,89.9837,26.42
173,-21.5878,-11.1912,1.781638448,11.52,1361,315,89.8971,22.92
174,-17.8078,-10.1631,1.781638448,11.52,1362,135,89.9657,23.13
175,-18.2217,-11.04,1.781638448,11.52,1363,-1,0,15.87
176,-24.8648,-11.4964,1.781638448,11.52,1363,-1,0,9.93
177,-22.5022,-13.8091,1.781638448,11.52,1362,180,89.9818,9.5
178,-20.1897,-13.7689,1.781638448,11.52,1363,270,89.9636,11.47
179,-21.9571,-15.9128,1.781638448,11.52,1363,180,89.9636,12.47
180,-16.7193,-12.1516,1.781638448,11.52,1361,293.199,89.9809,27.97
181,-16.9029,-10.2033,1.781638448,11.52,1359,288.435,89.954,23.23
182,-15.0303,-10.8903,1.781638448,11.52,1358,243.435,89.9837,28.13
183,-13.6102,-11.9654,1.781638448,11.52,1361,188.13,89.9794,32.33
184,-15.828,-10.325,1.781638448,11.52,1361,261.87,89.9794,29.68
185,-14.7878,-11.3734,1.80240331,7.7525,1379,172.875,89.991,19.6
186,-15.0197,-8.74394,1.80240331,7.7525,1377,188.13,89.9966,17.28
187,-15.2121,-9.30241,1.80240331,7.7525,1380,188.13,89.9897,18.72
188,-14.6904,-11.0298,1.80240331,7.7525,1379,187.125,89.991,20.18
189,-17.6518,-8.82791,1.80240331,7.7525,1380,315,89.9485,18.7
190,-24.9753,-13.0318,1.80240331,7.7525,1387,26.5651,89.9675,11.57
191,-23.262,-10.7101,1.80240331,7.7525,1390,104.036,89.9824,12.73
192,-16.9078,-12.1177,1.80240331,7.7525,1381,159.076,89.998,16.3
193,-24.3249,-8.2694,1.80240331,7.7525,1379,194.859,89.9971,9.1
194,-24.7416,-11.7231,1.80240331,7.7525,1387,127.875,89.9936,10.87
195,-16.4835,-15.0363,1.80240331,7.7525,1385,213.69,89.9798,10.5
196,-15.3205,-9.34108,1.80240331,7.7525,1384,245.556,89.988,12.3
197,-16.457,-10.5009,1.80240331,7.7525,1381,270,89.9818,15.07
198,-15.0387,-8.67181,1.80240331,7.7525,1384,296.565,89.9919,11.17
199,-14.6913,-11.1257,1.80240331,7.7525,1382,191.31,89.9715,13.03
200,-22.2563,-15.3013,1.152455573,6.305,1360,0,89.9272,25.02
201,-21.636,-15.8432,1.238762264,13.825,1360,353.66,89.9839,16.72
202,-16.1438,-12.4519,1.238762264,13.825,1362,225,89.8971,14.77
203,-16.1445,-11.1355,1.238762264,13.825,1361,90,89.9636,26.9
204,-15.5893,-11.7931,1.238762264,13.825,1362,45,89.8971,13.68
205,-21.5903,-15.3431,1.238762264,13.825,1363,-1,0,15
206,-21.6821,-15.6849,1.238762264,13.825,1363,251.565,89.954,19.07
207,-22.6593,-15.7098,1.238762264,13.825,1363,156.801,89.9809,17.53
208,-24.1337,-16.8875,1.238762264,13.825,1362,173.66,89.9839,15.63
209,-22.5277,-16.2292,1.238762264,13.825,1363,161.565,89.954,15.17
210,-21.2368,-12.5063,1.238762264,13.825,1360,323.13,89.9855,17.87
211,-22.9196,-15.3364,1.238762264,13.825,1359,149.036,89.975,26.23
212,-15.2661,-11.3328,1.238762264,13.825,1364,63.4349,89.9837,26.8
213,-10.9496,-0.41721,1.238762264,13.825,1360,33.6901,89.9798,17.97
214,-17.0903,-13.0277,1.238762264,13.825,1360,90,89.9272,22.47
215,-22.1877,-10.5504,1.238762264,13.825,1361,246.801,89.9809,13.93
216,-22.2619,-10.5904,1.238762264,13.825,1361,246.801,89.9809,19.73
217,-22.2619,-10.5904,1.238762264,13.825,1361,246.801,89.9809,17.63
218,-22.5759,-9.54383,1.238762264,13.825,1359,240.945,89.9859,13.8
219,-22.2722,-10.1266,1.238762264,13.825,1359,240.945,89.9859,14.37
220,-23.7531,-15.3254,1.524595234,12.07333333,1363,246.801,89.9809,29.87
221,-24.9009,-15.5357,1.524595234,12.07333333,1362,-1,0,31.27
222,-23.2362,-12.5124,1.524595234,12.07333333,1362,225,89.8971,33.3
223,-25.0309,-16.8069,1.524595234,12.07333333,1362,225,89.8971,33.27
224,-24.6979,-15.4403,1.524595234,12.07333333,1362,-1,0,20.1
225,-13.106,-10.2004,1.524595234,12.07333333,1367,225,89.9743,18.43
226,-20.3235,-9.02709,1.524595234,12.07333333,1362,274.399,89.9888,22.5
227,-24.0643,-11.8785,1.524595234,12.07333333,1364,351.87,89.9794,23.07
228,-13.6314,-9.71114,1.524595234,12.07333333,1368,288.435,89.954,17.47
229,-13.889,-7.68772,1.524595234,12.07333333,1365,254.745,89.9872,17.2
230,-21.3221,-12.1155,0.747232903,12.975,1367,108.435,89.954,18.57
231,-23.1583,-13.6715,0.747232903,12.975,1369,-1,0,23
232,-22.66,-14.3573,0.747232903,12.975,1368,296.565,89.9675,20.83
233,-22.385,-11.8839,0.747232903,12.975,1369,26.5651,89.9675,24.23
234,-24.6537,-12.8346,0.747232903,12.975,1368,90,89.9757,31.8
235,-25.2961,-14.5537,0.747232903,12.975,1368,113.199,89.9809,24.23
236,-24.0011,-15.0247,0.747232903,12.975,1371,45,89.9657,24.53
237,-21.726,-14.0561,0.747232903,12.975,1371,180,89.9636,26.93
238,-23.5796,-15.7103,0.747232903,12.975,1369,45,89.9828,28.73
239,-25.267,-14.3598,0.747232903,12.975,1369,68.1986,89.9865,17.67
240,-11.0667,-0.673589,1.467196604,9.0725,1385,180,89.9636,21.7
241,-14.2816,-3.64888,1.467196604,9.0725,1384,258.69,89.9715,15.85
242,-11.9105,-5.89211,1.467196604,9.0725,1386,230.711,89.9898,13.45
243,-11.5643,-3.80694,1.467196604,9.0725,1388,32.4712,89.9888,13.43
244,-15.2014,-4.82351,1.467196604,9.0725,1384,225,89.8971,15.13
245,-14.9886,-11.8855,1.467196604,9.0725,1371,334.537,89.9969,12.5
246,-18.5391,-11.1909,1.467196604,9.0725,1369,108.435,89.9885,23.77
247,-20.7884,-14.268,1.467196604,9.0725,1365,258.69,89.9905,22.73
248,-16.5433,-12.665,1.467196604,9.0725,1375,174.806,89.9934,18.5
249,-19.8335,-13.0397,1.467196604,9.0725,1375,278.13,89.9931,13.57
250,-18.1149,-10.7793,1.467196604,9.0725,1374,225,89.9657,10.5
251,-15.656,-10.9115,1.467196604,9.0725,1380,138.576,89.9936,10.17
252,-17.6304,-10.8532,1.467196604,9.0725,1377,304.216,89.9952,10.82
253,-16.0367,-10.3248,1.467196604,9.0725,1379,315,89.9743,10.67
254,-17.0028,-11.4267,1.467196604,9.0725,1377,341.565,89.9885,7.95
255,-16.3446,1.03684,1.560327657,9.89,1374,6.34019,89.992,14.8
256,-15.6095,-9.2992,1.560327657,9.89,1376,26.5651,89.9675,11.38
257,-14.669,-8.24751,1.560327657,9.89,1372,225,89.9743,11.83
258,-14.2907,-0.843374,1.560327657,9.89,1375,225,89.9897,11.13
259,-13.3637,-3.77113,1.560327657,9.89,1375,225,89.9906,18.87
260,-18.7506,-10.3105,1.560327657,9.89,1380,101.31,89.9715,10.47
261,-18.3464,-10.1771,1.560327657,9.89,1384,53.7462,89.9922,7.77
262,-14.4773,-6.69494,1.560327657,9.89,1386,103.392,89.9933,15.03
263,-21.778,-8.76087,1.560327657,9.89,1377,78.6901,89.9857,15.4
264,-17.4384,-8.08584,1.560327657,9.89,1381,81.8699,89.9949,13.6
265,-22.0988,-14.3014,1.560327657,9.89,1348,126.254,89.9922,17.33
266,-22.6094,-15.8325,1.560327657,9.89,1361,178.264,89.9956,16.87
267,-21.5735,-14.6905,1.560327657,9.89,1355,34.3803,89.9937,19.07
268,-23.9877,-14.9315,1.560327657,9.89,1355,351.87,89.9974,16.37
269,-22.7649,-14.2798,1.560327657,9.89,1351,122.905,89.9928,17.93
270,-23.1166,-16.7387,1.215643524,12.135,1388,0,89.9636,10.53
271,-19.3686,-16.0919,1.215643524,12.135,1370,194.036,89.9912,10.93
272,-16.7643,-9.68395,1.215643524,12.135,1369,53.1301,89.9855,11.53
273,-18.5225,-10.8985,1.215643524,12.135,1388,153.435,89.9675,10.93
274,-15.5092,-12.3063,1.215643524,12.135,1378,267.709,89.9981,12.5
275,-14.7158,-6.83748,1.215643524,12.135,1381,45,89.8971,14.3
276,-13.6609,-7.60445,1.215643524,12.135,1380,0,89.9896,6.53
277,-14.7317,-7.86,1.215643524,12.135,1384,272.726,89.9931,15.7
278,-17.1032,-11.4577,1.215643524,12.135,1387,5.19443,89.9868,18.23
279,-17.2521,-8.58025,1.215643524,12.135,1384,11.3099,89.9905,9.32
280,-22.4346,-13.965,1.215643524,12.135,1373,251.565,89.954,16.4
281,-23.2381,-14.5555,1.215643524,12.135,1373,18.4349,89.954,14.73
282,-20.1929,-10.0149,1.215643524,12.135,1375,0,89.9818,11.13
283,-20.8244,-10.513,1.215643524,12.135,1374,45,89.9828,11.57
284,-23.555,-12.6625,1.215643524,12.135,1373,26.5651,89.9675,15.33
285,-15.4868,-12.1506,1.31445493,8.965,1385,315,89.9886,13.27
286,-18.4332,-10.9949,1.31445493,8.965,1386,11.3099,89.9929,11.57
287,-21.6867,-7.05718,1.31445493,8.965,1392,124.38,89.9937,14.35
288,-16.3961,-8.87935,1.31445493,8.965,1386,114.444,89.988,11.05
289,-13.0572,-5.71177,1.31445493,8.965,1389,54.4623,89.9915,12.68
290,-15.9671,-8.13928,1.31445493,8.965,1384,12.9946,89.9891,12.9
291,-16.5288,-9.39234,1.31445493,8.965,1386,27.7585,89.9966,16.47
292,-14.3895,-5.50177,1.31445493,8.965,1395,91.8476,89.9953,14.8
293,-18.8476,-10.7156,1.31445493,8.965,1385,83.6598,89.9839,16.9
294,-18.2005,-10.87,1.31445493,8.965,1391,82.4054,89.9952,12.58
295,-13.586,-8.90533,1.31445493,8.965,1381,239.036,89.9964,10.63
296,-10.9497,-8.11056,1.31445493,8.965,1369,225,89.9983,12
297,-14.3472,-8.02799,1.31445493,8.965,1382,340.201,89.9982,13.7
298,-14.0906,-7.11286,1.31445493,8.965,1384,345.069,89.9953,15.93
299,-13.9378,-8.51609,1.31445493,8.965,1376,324.211,89.9973,14.43
300,-14.8528,-5.44829,1.31445493,8.965,1388,13.3925,89.9933,10.1
301,-12.4575,-6.75494,1.31445493,8.965,1383,294.444,89.988,10.13
302,-21.3164,-9.86148,1.31445493,8.965,1388,322.125,89.9872,9.3
303,-20.9097,-6.03738,1.31445493,8.965,1389,108.435,89.9847,11.9
304,-17.8913,-11.4951,1.31445493,8.965,1389,296.565,89.9675,12.33
305,-14.4349,-7.9518,1.31445493,8.965,1367,258.69,89.9964,10.43
306,-16.5911,-11.2329,1.31445493,8.965,1371,87.1376,89.9964,13.02
307,-14.4467,-10.1642,1.31445493,8.965,1379,340.346,89.9951,12.27
308,-13.051,-9.55948,1.31445493,8.965,1380,337.166,89.9965,12.72
309,-16.8736,-7.70453,1.31445493,8.965,1370,353.66,89.996,16.88
310,-16.1103,-8.66289,1.78030629,20.41,1387,243.435,89.9837,13.67
311,-15.5947,-6.90517,1.78030629,20.41,1387,102.995,89.9891,8.03
312,-15.7253,-8.76845,1.78030629,20.41,1388,108.435,89.9885,9.57
313,-19.9975,-9.74629,1.78030629,20.41,1385,165.964,89.9824,12.4
314,-16.8483,-8.1788,1.78030629,20.41,1386,63.4349,89.9675,9
315,-17.4908,-8.69664,1.78030629,20.41,1386,153.435,89.9837,23.47
316,-24.9198,-11.4943,1.78030629,20.41,1386,330.945,89.9929,20.18
317,-23.1744,-12.0749,1.78030629,20.41,1391,63.4349,89.9837,15.37
318,-18.728,-10.3884,1.78030629,20.41,1389,21.8014,89.9865,9.33
319,-18.1693,-13.7528,1.78030629,20.41,1388,26.5651,89.9837,21.07
320,-16.5824,-7.02454,1.78030629,20.41,1384,116.565,89.9675,11.23
321,-21.4311,-10.6856,1.78030629,20.41,1387,146.31,89.9798,15.97
322,-14.8176,-8.05155,1.78030629,20.41,1387,333.435,89.9837,9.2
323,-19.4303,-8.96506,1.78030629,20.41,1389,336.801,89.9809,8.3
324,-16.7106,-7.56775,1.78030629,20.41,1386,26.5651,89.9675,15.9
325,-19.6862,-10.7567,1.78030629,20.41,1393,309.806,89.9907,13
326,-20.8395,-14.7833,1.78030629,20.41,1389,204.444,89.988,12.2
327,-21.1624,-10.1013,1.78030629,20.41,1385,-1,0,25.93
328,-20.4895,-11.1187,1.78030629,20.41,1397,213.69,89.9798,29.03
329,-20.4927,-11.3765,1.78030629,20.41,1389,296.565,89.9919,11.3
330,-17.8135,-11.0496,1.78030629,20.41,1384,173.66,89.9968,9.37
331,-20.0991,-12.4133,1.78030629,20.41,1384,180,89.9975,9.2
332,-19.5894,-10.8242,1.78030629,20.41,1374,234.462,89.9831,9.17
333,-16.7771,-11.2907,1.78030629,20.41,1381,333.435,89.9837,10.37
334,-16.0629,-10.056,1.78030629,20.41,1379,251.565,89.9885,12.6
335,-20.3219,-12.676,1.785620589,10.07333333,1386,245.556,89.988,14.03
336,-23.6599,-14.2145,1.785620589,10.07333333,1387,149.036,89.975,15.05
337,-23.6587,-16.8284,1.785620589,10.07333333,1389,9.46232,89.988,17.2
338,-18.6988,-12.4064,1.785620589,10.07333333,1388,344.745,89.9872,19
339,-24.3761,-13.63,1.785620589,10.07333333,1387,71.565,89.954,11.85
340,-20.1401,-11.3798,1.785620589,10.07333333,1400,0,89.9909,14.67
341,-19.9714,-10.5258,1.785620589,10.07333333,1405,11.3099,89.9857,11.97
342,-16.6001,-10.2444,1.785620589,10.07333333,1403,206.565,89.9837,13.37
343,-19.8916,-11.2652,1.785620589,10.07333333,1403,161.565,89.954,10.6
344,-19.4116,-12.7099,1.785620589,10.07333333,1404,78.6901,89.9715,10.93
345,-20.3685,-10.2991,1.785620589,10.07333333,1369,17.8503,89.9977,13.63
346,-19.2756,-13.8656,1.785620589,10.07333333,1373,11.3099,89.9964,12.75
347,-15.8188,-13.7622,1.785620589,10.07333333,1385,14.7436,89.9926,14.58
348,-19.5687,-10.2479,1.785620589,10.07333333,1382,50.1944,89.9907,14.32
349,-20.1112,-11.7849,1.785620589,10.07333333,1378,0,89.9962,11.98
350,-24.8878,-14.0884,1.081583256,11.62125,1401,221.82,89.9943,10.17
351,-23.4363,-12.3211,1.081583256,11.62125,1390,213.111,89.9947,11.83
352,-24.5735,-12.6435,1.081583256,11.62125,1361,202.218,89.9981,11.47
353,-22.5867,-11.6327,1.081583256,11.62125,1378,196.876,89.9984,12.5
354,-24.1174,-14.6329,1.081583256,11.62125,1394,223.493,89.9973,13.77
355,-17.0265,-10.8707,1.081583256,11.62125,1405,71.565,89.9908,9.57
356,-16.8484,-11.0835,1.081583256,11.62125,1409,296.565,89.9837,13
357,-18.4953,-13.1371,1.081583256,11.62125,1407,198.435,89.954,12.7
358,-20.1795,-11.1118,1.081583256,11.62125,1402,135,89.9921,9
359,-19.141,-14.2207,1.081583256,11.62125,1408,124.992,89.994,11.2
360,-14.2501,-4.46082,1.081583256,11.62125,1353,334.44,89.9943,18.03
361,-14.5836,-4.41777,1.081583256,11.62125,1354,26.9958,89.9976,12.07
362,-12.8308,-6.61678,1.081583256,11.62125,1379,164.055,89.99,12.07
363,-13.455,-6.07288,1.081583256,11.62125,1363,77.0054,89.9945,8
364,-13.6543,-4.89379,1.081583256,11.62125,1366,37.0928,89.9972,11.9
365,-16.6747,-9.88145,1.081583256,11.62125,1388,26.5651,89.9837,12.82
366,-22.2265,-12.74,1.081583256,11.62125,1389,8.1301,89.9794,16.07
367,-20.3733,-11.8511,1.081583256,11.62125,1386,198.435,89.9885,17.72
368,-18.8237,-10.5758,1.081583256,11.62125,1388,156.801,89.9809,12.88
369,-19.3517,-13.0573,1.081583256,11.62125,1390,225,89.8971,14.83
370,-17.8484,-9.09972,1.081583256,11.62125,1377,177.879,89.9946,12.9
371,-16.9549,-9.82076,1.081583256,11.62125,1383,158.199,89.9955,13.93
372,-18.3982,-9.9282,1.081583256,11.62125,1377,230.711,89.9898,13.03
373,-17.3582,-13.134,1.081583256,11.62125,1368,315,89.9906,19.27
374,-18.7366,-12.0384,1.081583256,11.62125,1371,114.146,89.9954,9.73
375,-18.304,-4.60568,1.133203109,11.2575,1383,156.801,89.9904,13.77
376,-15.798,-6.00181,1.133203109,11.2575,1387,131.424,89.9936,14.73
377,-15.8453,-5.38393,1.133203109,11.2575,1392,308.29,89.994,15.38
378,-20.534,-12.4867,1.133203109,11.2575,1387,41.4237,89.9936,11.32
379,-20.312,-5.81853,1.133203109,11.2575,1384,50.7106,89.9898,9.93
380,-11.858,-7.57648,1.133203109,11.2575,1392,318.576,89.9936,8.83
381,-19.861,-10.5217,1.133203109,11.2575,1388,322.125,89.9936,9
382,-21.944,-11.8378,1.133203109,11.2575,1390,315,89.9657,15.1
383,-16.3277,-8.7131,1.133203109,11.2575,1395,217.235,89.9954,8.5
384,-20.3382,-11.8667,1.133203109,11.2575,1392,270,89.9919,10.7
385,-12.2952,-5.92925,1.133203109,11.2575,1397,-1,0,12.7
386,-20.4624,-12.3598,1.133203109,11.2575,1396,188.13,89.9794,11.57
387,-23.1647,-11.7507,1.133203109,11.2575,1394,251.565,89.977,11.27
388,-13.644,-7.37699,1.133203109,11.2575,1397,315,89.9657,12.3
389,-19.0315,-11.1116,1.133203109,11.2575,1396,246.801,89.9809,13.1
390,-19.4485,-7.75851,1.056013148,12.3325,1408,293.199,89.9809,9.73
391,-18.3161,-9.93032,1.056013148,12.3325,1405,21.8014,89.9865,12.13
392,-15.7073,-9.4904,1.056013148,12.3325,1408,52.125,89.9872,10.3
393,-14.9606,-8.81237,1.056013148,12.3325,1409,336.801,89.9809,13.27
394,-13.097,-7.16336,1.056013148,12.3325,1408,315,89.9794,15.33
395,-21.4695,-14.3556,1.056013148,12.3325,1410,0,89.9636,10.1
396,-14.3651,-11.4282,1.056013148,12.3325,1410,6.34019,89.9839,10.97
397,-18.5545,-9.02816,1.056013148,12.3325,1413,33.6901,89.9798,13.73
398,-20.1377,-13.3375,1.056013148,12.3325,1411,118.301,89.9901,11.2
399,-14.6031,-7.42499,1.056013148,12.3325,1412,18.4349,89.977,15.5
400,-12.7838,-7.09574,1.056013148,12.3325,1412,175.601,89.9888,17.83
401,-15.5589,-7.10221,1.056013148,12.3325,1416,151.699,89.9901,14.33
402,-14.1324,-5.7622,1.056013148,12.3325,1412,144.462,89.9831,12.97
403,-14.8362,-5.4706,1.056013148,12.3325,1412,225,89.9794,13.97
404,-16.142,-5.38669,1.056013148,12.3325,1412,71.565,89.954,15.5
405,-16.0819,-11.988,1.232847999,14.1125,1394,180,89.9818,16.8
406,-13.8626,-9.21715,1.232847999,14.1125,1396,210.964,89.975,17.27
407,-18.4801,-9.21063,1.232847999,14.1125,1395,336.801,89.9809,17.43
408,-20.9232,-11.9186,1.232847999,14.1125,1394,0,89.9818,16.13
409,-22.3228,-14.3681,1.232847999,14.1125,1394,125.538,89.9831,18.13
410,-23.6723,-15.2102,1.232847999,14.1125,1392,171.87,89.9794,20.02
411,-22.9776,-16.7601,1.232847999,14.1125,1394,135,89.9657,16.12
412,-23.7342,-15.1314,1.232847999,14.1125,1393,71.565,89.954,16.37
413,-25.2516,-16.9674,1.232847999,14.1125,1393,330.945,89.9859,18.4
414,-24.3106,-14.9923,1.232847999,14.1125,1392,108.435,89.954,17.1
415,-20.2368,-11.4533,1.282382187,8.488333333,1426,270.573,89.9993,10.6
416,-19.0738,-12.5459,1.282382187,8.488333333,1365,110.41,89.9984,9.97
417,-14.8097,-4.15506,1.282382187,8.488333333,1424,1.28444,89.9993,12.63
418,-16.466,-8.3727,1.282382187,8.488333333,1440,301.329,89.9973,6.87
419,-20.0126,-10.4638,1.282382187,8.488333333,1395,289.654,89.9994,12.2
420,-16.5838,-7.46255,1.282382187,8.488333333,1445,45,89.9828,13.13
421,-14.9338,-3.16768,1.282382187,8.488333333,1441,270,89.9919,10.83
422,-16.6493,-7.80622,1.282382187,8.488333333,1441,288.435,89.954,14.07
423,-11.966,-8.78926,1.282382187,8.488333333,1441,176.634,89.9915,12.67
424,-14.9557,-6.35368,1.282382187,8.488333333,1442,198.435,89.9847,18.8
425,-19.4821,-10.5108,1.282382187,8.488333333,1432,90,89.9636,10.67
426,-20.3532,-12.4714,1.282382187,8.488333333,1432,270,89.9818,8.93
427,-19.0167,-13.1217,1.282382187,8.488333333,1430,104.036,89.9824,10.53
428,-19.9119,-12.5303,1.282382187,8.488333333,1431,174.806,89.9868,16.5
429,-23.1313,-13.1568,1.282382187,8.488333333,1433,180,89.9272,11.17
430,-23.6534,-15.4699,1.114443515,14.825,1440,197.103,89.9947,37.5
431,-22.374,-16.002,1.114443515,14.825,1439,171.027,89.9924,21.1
432,-20.6965,-16.7256,1.114443515,14.825,1435,45,89.9657,24.83
433,-20.4258,-15.034,1.114443515,14.825,1434,45,89.8971,18.7
434,-21.2432,-14.3228,1.114443515,14.825,1437,186.34,89.9839,30.2
435,-15.0493,-8.02796,1.114443515,14.825,1443,71.565,89.977,28.7
436,-13.3608,-7.80008,1.114443515,14.825,1442,18.4349,89.9847,21.1
437,-18.1048,-11.2188,1.114443515,14.825,1448,135,89.9853,20.43
438,-15.9427,-10.4987,1.114443515,14.825,1445,0,89.9636,20.1
439,-14.4849,-6.86667,1.114443515,14.825,1445,0,89.9818,24.9
440,-15.9719,-5.97693,1.114443515,14.825,1448,300.964,89.975,39.7
441,-15.9079,-6.91698,1.114443515,14.825,1444,209.745,89.991,24.03
442,-17.0226,-10.2301,1.114443515,14.825,1442,296.565,89.9919,27.93
443,-17.9746,-11.2247,1.114443515,14.825,1451,0,89.9909,24.57
444,-16.4938,-10.1231,1.114443515,14.825,1448,274.399,89.9888,25.73
445,-18.7307,-10.3622,2.169998573,19.775,1577,309.094,89.9965,25.6
446,-20.5003,-14.2526,2.169998573,19.775,1570,299.249,89.9975,22.23
447,-21.6511,-5.62416,2.169998573,19.775,1561,307.875,89.9872,33.47
448,-16.8672,-8.8809,2.169998573,19.775,1560,0,89.9855,47.47
449,-24.0127,-15.8394,2.169998573,19.775,1488,21.3706,89.9941,27.17
450,-21.8215,-14.1827,2.169998573,19.775,1574,146.889,89.9947,25.4
451,-25.2246,-14.6858,2.169998573,19.775,1572,146.31,89.995,20.2
452,-20.743,-4.60874,2.169998573,19.775,1577,135,89.9957,25.6
453,-18.6638,-7.98424,2.169998573,19.775,1571,140.44,89.9951,22.5
454,-22.7242,-14.1576,2.169998573,19.775,1568,138.814,89.9932,16.1
457,-22.0492,-15.1182,2.169998573,19.775,1517,214.695,89.9954,45.57
458,-18.8511,-12.7494,2.169998573,19.775,1524,204.444,89.9976,17.1
459,-18.6531,-12.2461,2.169998573,19.775,1528,217.504,89.9973,15.3
460,-21.7427,-10.3335,2.169998573,19.775,1585,334.44,89.9986,24.67
461,-17.9216,-11.7873,2.169998573,19.775,1613,346.724,89.9984,24.37
462,-16.0119,-10.9958,2.169998573,19.775,1572,350.538,89.997,26.3
463,-26.3364,-17.2517,2.169998573,19.775,1590,263.811,89.9983,32.6
464,-23.2728,-13.9927,2.169998573,19.775,1620,196.699,89.9988,26.47
465,-24.2449,-15.4215,2.169998573,19.775,1545,300.964,89.9875,13.53
466,-23.2434,-15.6715,2.169998573,19.775,1559,165.651,89.9967,13.13
467,-23.5101,-12.4999,2.169998573,19.775,1554,275.194,89.9956,9.67
468,-26.5435,-16.6772,2.169998573,19.775,1547,327.529,89.9944,13.83
469,-25.1245,-15.6707,2.169998573,19.775,1547,312.138,89.9949,8.7
470,-20.61,-13.8076,2.169998573,19.775,1492,25.3462,89.9931,12.5
471,-20.6089,-12.6775,2.169998573,19.775,1492,25.3462,89.9931,15.73
472,-23.9947,-18.6294,2.169998573,19.775,1493,38.2902,89.994,39.17
473,-16.4846,-9.01399,2.169998573,19.775,1498,0,89.9818,19.67
474,-20.8036,-11.9346,2.169998573,19.775,1497,315,89.9657,16
475,-18.5371,-12.6657,2.169998573,19.775,1493,98.1301,89.9931,19.2
476,-20.9771,-14.3037,2.169998573,19.775,1493,117.897,89.9924,14.3
477,-21.5468,-13.272,2.169998573,19.775,1493,117.897,89.9924,12.97
478,-19.9656,-12.6428,2.169998573,19.775,1489,71.565,89.977,13.43
479,-18.1178,-11.1846,2.169998573,19.775,1490,333.435,89.9837,10.8
480,-16.3946,-10.9901,2.169998573,19.775,1480,-1,0,21.67
481,-18.384,-10.8549,2.169998573,19.775,1480,258.69,89.9715,20.7
482,-18.8377,-10.4788,2.169998573,19.775,1480,258.69,89.9715,22.07
483,-17.7711,-10.9584,2.169998573,19.775,1480,-1,0,21.47
484,-18.4791,-12.1894,2.169998573,19.775,1480,-1,0,17.8
485,-15.6618,-11.4584,2.169998573,19.775,1496,161.565,89.977,17.1
486,-17.9386,-11.8215,2.169998573,19.775,1495,210.964,89.975,16.27
487,-16.8999,-10.5593,2.169998573,19.775,1494,216.87,89.9855,17.27
488,-15.856,-11.3722,2.169998573,19.775,1495,225,89.9853,17.27
489,-17.0502,-10.4554,2.169998573,19.775,1496,225,89.9871,9.9
490,-16.6171,-12.6285,2.169998573,19.775,1506,40.2364,89.9915,15.67
491,-12.8498,-10.0021,2.169998573,19.775,1506,28.3008,89.9901,12.23
492,-16.7458,-12.053,2.169998573,19.775,1501,45,89.9931,17.17
493,-17.2003,-10.0023,2.169998573,19.775,1499,45,89.9936,16.57
494,-15.2448,-13.2771,2.169998573,19.775,1504,29.7449,89.9955,8.4
495,-23.7944,-13.57,2.169998573,19.775,1386,315,89.9657,9.1
496,-22.6409,-15.5596,2.169998573,19.775,1387,71.565,89.9885,10.83
497,-22.8819,-12.4676,2.169998573,19.775,1386,209.055,89.9859,15
498,-25.1826,-16.1148,2.169998573,19.775,1386,237.529,89.9888,19.17
499,-23.431,-15.3125,2.169998573,19.775,1393,206.565,89.9919,10.83
500,-20.0683,-12.9552,2.169998573,19.775,1415,169.992,89.9916,16.13
501,-20.9472,-16.571,2.169998573,19.775,1418,172.875,89.991,17
502,-19.9577,-14.2613,2.169998573,19.775,1418,0,89.9636,13.27
503,-21.898,-16.8303,2.169998573,19.775,1418,180,89.9636,18.27
504,-17.6315,-13.8069,2.169998573,19.775,1418,30.9638,89.975,18.5
505,-16.8595,-14.7576,2.169998573,19.775,1398,225,89.9828,24.83
506,-17.1396,-10.3739,2.169998573,19.775,1398,270,89.9272,15.77
507,-16.1184,-12.7621,2.169998573,19.775,1400,205.017,89.9912,18.67
508,-14.3307,-12.0998,2.169998573,19.775,1404,194.036,89.9956,21.43
509,-19.1042,-10.986,2.169998573,19.775,1406,194.036,89.9956,23.1
510,-18.3758,-13.3246,2.169998573,19.775,1378,203.199,89.9904,4.23
511,-22.5749,-14.1739,2.169998573,19.775,1375,210.964,89.9917,18.13
512,-19.5983,-12.6111,2.169998573,19.775,1378,212.471,89.9888,11.17
513,-19.1902,-12.9727,2.169998573,19.775,1376,198.435,89.9908,21.98
514,-16.9937,-13.7253,2.169998573,19.775,1379,206.565,89.9919,25.97
515,-22.0677,-14.0462,2.169998573,19.775,1380,77.0054,89.9891,20.8
516,-23.3464,-13.7116,2.169998573,19.775,1382,285.945,89.99,15.27
517,-23.0654,-14.372,2.169998573,19.775,1382,275.194,89.9868,22.87
518,-20.8874,-17.2629,2.169998573,19.775,1379,45,89.9743,14.23
519,-19.9865,-15.7788,2.169998573,19.775,1383,84.2894,89.9928,15.03
520,-17.6417,-12.6156,0.700415727,13.09,1296,175.601,89.9888,38.47
521,-19.7084,-13.6855,0.700415727,13.09,1293,356.634,89.9915,20.77
522,-21.5992,-9.92502,0.700415727,13.09,1293,225,89.9871,12.03
525,-26.1291,-16.7578,0.700415727,13.09,1295,205.017,89.9912,20.85
526,-23.8795,-15.9962,0.700415727,13.09,1294,71.565,89.977,16.35
527,-26.8278,-11.4271,0.700415727,13.09,1296,78.6901,89.9715,13.73
528,-21.5843,-13.7339,0.700415727,13.09,1297,101.31,89.9715,17.28
529,-27.4697,-15.5061,0.700415727,13.09,1293,348.69,89.9715,21.87
530,-25.8411,-17.0904,0.700415727,13.09,1299,180,89.9636,35.43
531,-27.7759,-18.8661,0.700415727,13.09,1300,30.9638,89.975,23.27
532,-26.3254,-16.2906,0.700415727,13.09,1302,45,89.9871,23.6
533,-26.9147,-16.0544,0.700415727,13.09,1305,23.1986,89.9809,32.23
534,-24.7417,-15.2835,0.700415727,13.09,1300,315,89.8971,37.5
535,-12.3823,-10.4485,0.700415727,13.09,1300,63.4349,89.9675,9.2
536,-22.7627,-15.3396,0.700415727,13.09,1301,-1,0,9.47
537,-19.2443,-15.5724,0.700415727,13.09,1300,210.964,89.975,25.63
538,-22.915,-11.5502,0.700415727,13.09,1300,180,89.9636,9.67
539,-21.8766,-17.0556,0.700415727,13.09,1300,135,89.9657,20.57
540,-20.8648,-15.218,0.700415727,13.09,1302,315,89.9743,18
541,-24.011,-15.494,0.700415727,13.09,1302,18.4349,89.9847,19.23
542,-26.8139,-14.3274,0.700415727,13.09,1304,345.964,89.9912,10.37
543,-21.0833,-12.9722,0.700415727,13.09,1311,357.274,89.9931,17.9
544,-22.4732,-14.8207,0.700415727,13.09,1308,0,89.9951,21.4
545,-22.5994,-14.1886,1.595986082,19.46,1273,161.565,89.9908,20.1
546,-22.5945,-14.6802,1.595986082,19.46,1278,111.801,89.9932,6.2
547,-21.3966,-14.7842,1.595986082,19.46,1280,98.7462,89.9945,29.25
548,-22.8201,-15.9705,1.595986082,19.46,1273,75.9638,89.9941,21.1
549,-22.8298,-14.9587,1.595986082,19.46,1277,98.1301,89.9949,21.43
550,-20.7376,-15.1297,1.595986082,19.46,1270,120.964,89.975,1.9
551,-20.9675,-13.845,1.595986082,19.46,1275,67.6199,89.9921,8.97
552,-25.0749,-14.3504,1.595986082,19.46,1273,103.392,89.9933,12.03
553,-21.2227,-16.1566,1.595986082,19.46,1268,127.875,89.9872,12.13
554,-23.7589,-17.4552,1.595986082,19.46,1273,90,89.9927,12.73
555,-17.4026,-12.7654,1.595986082,19.46,1260,4.39871,89.9888,19.15
556,-17.9845,-11.5566,1.595986082,19.46,1260,0,89.9636,13.27
557,-17.6805,-12.2355,1.595986082,19.46,1261,326.31,89.9899,10.03
558,-14.829,-9.13968,1.595986082,19.46,1263,45,89.9871,14.83
559,-14.3808,-10.8186,1.595986082,19.46,1261,329.036,89.9875,9.3
560,-16.2084,-13.6873,1.595986082,19.46,1257,270,89.9272,36.37
562,-18.5178,-14.2887,1.595986082,19.46,1256,116.565,89.9675,45.23
563,-17.2836,-12.4281,1.595986082,19.46,1257,299.745,89.991,27.47
564,-16.1956,-10.6222,1.595986082,19.46,1258,210.964,89.975,37.8
565,-25.2503,-16.2553,1.595986082,19.46,1267,167.005,89.9891,12.3
566,-20.7713,-15.0189,1.595986082,19.46,1269,143.746,89.9922,18.07
567,-19.5862,-15.1975,1.595986082,19.46,1265,156.801,89.9809,17.33
568,-18.6008,-15.3495,1.595986082,19.46,1265,180,89.9636,15.13
569,-22.4993,-15.0463,1.595986082,19.46,1266,170.538,89.988,12.6
570,-19.7854,-9.04428,1.595986082,19.46,1259,206.565,89.9837,44.13
575,-23.5038,-13.2937,1.595986082,19.46,1261,0,89.9636,6.77
576,-17.6049,-11.9108,1.595986082,19.46,1259,288.435,89.954,7.23
577,-20.4436,-7.04,1.595986082,19.46,1260,0,89.9636,7.67
578,-24.0419,-15.3635,1.595986082,19.46,1261,153.435,89.9675,6.87
579,-19.3453,-10.0748,1.595986082,19.46,1261,270,89.9272,8.1
580,-21.1913,-10.9414,1.595986082,19.46,1262,59.0362,89.975,42
581,-19.3403,-11.9889,1.595986082,19.46,1263,45,89.9657,40.97
582,-16.5563,-11.2821,1.595986082,19.46,1262,180,89.9879,35.13
583,-17.2938,-10.4161,1.595986082,19.46,1262,135,89.8971,28.33
584,-23.2467,-12.3485,1.595986082,19.46,1264,116.565,89.9675,41.17
585,-24.3742,-14.7807,1.595986082,19.46,1250,18.4349,89.954,27.13
586,-23.0742,-14.1331,1.595986082,19.46,1251,71.565,89.954,8.4
587,-21.8542,-17.2518,1.595986082,19.46,1255,0,89.9636,31.07
588,-20.4992,-13.5213,1.595986082,19.46,1254,24.444,89.988,10.67
589,-22.3269,-12.3468,1.595986082,19.46,1252,15.2551,89.9872,6.15
592,-25.1299,-15.4123,1.595986082,19.46,1256,75.9638,89.9824,10.27
595,-23.205,-18.723,0.869850654,27.785,1278,198.435,89.9885,9.07
596,-25.0776,-15.8458,0.869850654,27.785,1279,-1,0,8.57
597,-26.357,-18.4876,0.869850654,27.785,1276,263.66,89.9839,7.87
598,-26.0724,-18.7189,0.869850654,27.785,1279,-1,0,12.73
599,-25.7319,-16.5495,0.869850654,27.785,1278,261.87,89.9794,16.3
600,-25.413,-14.0582,0.869850654,27.785,1290,321.34,89.9886,11.1
601,-21.9811,-14.3076,0.869850654,27.785,1295,315,89.9853,5.37
602,-22.4732,-16.1443,0.869850654,27.785,1294,299.055,89.9929,13.73
603,-25.4283,-13.207,0.869850654,27.785,1298,344.745,89.9872,12.77
604,-20.8815,-11.4091,0.869850654,27.785,1293,315,89.9871,4.83
605,-25.4138,-16.2451,0.869850654,27.785,1275,225,89.9657,13.8
606,-23.5243,-18.5211,0.869850654,27.785,1277,333.435,89.9675,5.03
607,-22.2592,-12.2864,0.869850654,27.785,1278,315,89.9657,11.5
608,-26.1357,-14.6341,0.869850654,27.785,1277,18.4349,89.954,10.23
609,-19.6885,-15.0074,0.869850654,27.785,1275,315,89.9886,6.27
610,-15.6581,-8.39375,0.869850654,27.785,1281,135,89.9485,19.83
611,-15.5023,-10.9347,0.869850654,27.785,1283,266.634,89.9915,11.5
612,-14.4074,-12.8513,0.869850654,27.785,1280,35.5377,89.9831,16.63
613,-18.9337,-14.9272,0.869850654,27.785,1283,321.34,89.9886,14.52
614,-17.5026,-11.4112,0.869850654,27.785,1279,296.565,89.9675,20.57
615,-26.7284,-14.9195,0.869850654,27.785,1292,0,89.9879,13.93
616,-24.7378,-13.9442,0.869850654,27.785,1292,3.81407,89.9903,12.17
617,-24.5968,-15.0798,0.869850654,27.785,1300,355.914,89.9948,23.57
618,-25.5425,-14.8199,0.869850654,27.785,1301,0,89.9948,13.13
619,-24.8676,-13.2974,0.869850654,27.785,1296,350.538,89.994,12.97
620,-22.802,-12.6437,0.869850654,27.785,1286,153.435,89.9919,13.43
621,-19.1683,-12.0296,0.869850654,27.785,1284,-1,0,15.3
622,-15.7698,-8.83991,0.869850654,27.785,1278,213.69,89.9899,12.97
623,-20.3115,-10.7127,0.869850654,27.785,1283,198.435,89.9847,11.43
624,-19.7014,-13.6005,0.869850654,27.785,1284,191.31,89.9715,11.6
625,-22.8698,-12.3243,0.869850654,27.785,1290,24.444,89.988,9.93
626,-22.9097,-13.0031,0.869850654,27.785,1286,0,89.9636,13.77
627,-20.6854,-14.6727,0.869850654,27.785,1296,32.4712,89.9888,12.4
628,-16.8568,-7.89907,0.869850654,27.785,1292,0,89.9909,10.97
629,-23.563,-14.1427,0.869850654,27.785,1289,24.444,89.988,15.5
630,-13.0223,-6.98569,0.869850654,27.785,1313,327.529,89.9944,6.88
631,-11.9239,-8.00902,0.869850654,27.785,1321,334.179,89.9958,11.7
632,-17.5998,-12.539,0.869850654,27.785,1315,0,89.9818,11.15
633,-15.0182,-11.4882,0.869850654,27.785,1321,284.036,89.9824,10.9
634,-18.6611,-11.55,0.869850654,27.785,1316,300.069,89.9934,12.48
635,-26.0534,-15.0655,0.869850654,27.785,1324,17.1027,89.9947,6.07
636,-25.4746,-14.977,0.869850654,27.785,1316,18.4349,89.9934,6.97
637,-21.1725,-11.6222,0.869850654,27.785,1336,0,89.9636,10.32
638,-23.4027,-12.6312,0.869850654,27.785,1326,51.3402,89.9943,10.6
639,-24.6273,-16.1822,0.869850654,27.785,1329,14.4208,89.996,8.1
640,-19.4369,-13.1857,0.869850654,27.785,1300,0,89.9909,11.08
641,-22.5901,-12.8187,0.869850654,27.785,1297,45,89.9853,14.47
642,-16.6037,-14.9096,0.869850654,27.785,1302,15.9454,89.99,13.13
643,-16.4262,-8.78136,0.869850654,27.785,1300,0,89.9879,13.73
644,-23.3795,-13.8245,0.869850654,27.785,1299,18.4349,89.954,15.43
645,-18.1759,-13.4741,0.869850654,27.785,1374,170.838,89.9954,12.72
646,-20.1054,-12.622,0.869850654,27.785,1369,176.634,89.9915,12.72
647,-22.6157,-11.4132,0.869850654,27.785,1371,14.7436,89.9926,14.3
648,-23.1726,-13.8877,0.869850654,27.785,1369,11.3099,89.9943,12.82
649,-22.0074,-12.6804,0.869850654,27.785,1369,128.66,89.9886,15.52
650,-22.5171,-4.15018,0.869850654,27.785,1402,3.65222,89.9969,16.23
651,-24.0299,-10.1349,0.869850654,27.785,1398,29.5778,89.9966,17.97
652,-18.6902,-5.13441,0.869850654,27.785,1387,19.7989,89.9945,18.47
653,-23.467,-13.685,0.869850654,27.785,1382,30.9638,89.9938,15.63
654,-18.2402,-6.72339,0.869850654,27.785,1384,6.34019,89.9946,11.3
655,-18.0764,-4.73573,0.869850654,27.785,1444,354.401,89.9972,16.03
656,-24.879,-13.9256,0.869850654,27.785,1438,315,89.9965,14.17
657,-22.9823,-14.1754,0.869850654,27.785,1442,321.116,89.9963,17.17
658,-16.7156,-5.98521,0.869850654,27.785,1462,348.69,89.9976,17.6
659,-21.4682,-16.3363,0.869850654,27.785,1459,300.964,89.9972,17.07
660,-13.5094,-10.7628,0.869850654,27.785,1413,102.529,89.9961,13.64
661,-19.955,-11.5486,0.869850654,27.785,1399,180.939,89.9976,10.86
662,-16.9085,-11.1888,0.869850654,27.785,1412,135,89.9921,11.98
663,-22.7206,-15.8129,0.869850654,27.785,1420,239.621,89.9957,11.76
664,-22.8805,-14.1009,0.869850654,27.785,1417,206.565,89.9954,20.02
665,-21.5579,-14.1892,0.869850654,27.785,1377,35.5377,89.9831,17.16
666,-22.5769,-10.3702,0.869850654,27.785,1375,45,89.9743,18.87
667,-18.3209,-12.3882,0.869850654,27.785,1393,14.0362,89.9956,18.92
668,-20.7891,-5.96169,0.869850654,27.785,1388,4.08562,89.9948,15.66
669,-17.167,-7.24708,0.869850654,27.785,1381,7.59464,89.9952,19.42
670,-22.8438,-11.4993,0.869850654,27.785,1488,289.654,89.9976,13.88
671,-25.7455,-14.3301,0.869850654,27.785,1500,338.962,89.9965,19.2
672,-24.519,-12.1967,0.869850654,27.785,1498,201.801,89.9973,16.34
673,-19.5366,-8.00845,0.869850654,27.785,1486,206.565,89.997,14.34
674,-22.6387,-9.86013,0.869850654,27.785,1510,198.435,89.9965,21.8
675,-19.7754,-13.9854,0.869850654,27.785,1499,11.7251,89.9973,21.78
676,-24.8749,-12.646,0.869850654,27.785,1513,4.63546,89.9961,21.82
677,-24.7589,-11.5218,0.869850654,27.785,1514,180,89.9636,15.26
678,-24.1607,-8.92985,0.869850654,27.785,1511,216.469,89.9949,14.1
679,-23.198,-12.8332,0.869850654,27.785,1487,260.538,89.996,14.77
680,-21.6326,-9.02067,0.869850654,27.785,1488,261.87,89.9959,17.1
681,-21.5578,-12.3413,0.869850654,27.785,1509,281.31,89.9971,18.57
682,-22.8864,-11.7225,0.869850654,27.785,1510,268.025,89.9975,10.7
683,-19.7568,-11.0396,0.869850654,27.785,1502,255.256,89.9926,11.1
684,-22.1751,-9.84071,0.869850654,27.785,1504,208.496,89.9963,12.8
685,-22.7818,-9.36066,0.869850654,27.785,1507,212.471,89.9972,16.03
686,-16.2234,-11.1872,0.869850654,27.785,1480,29.5778,89.9966,16.7
687,-21.7772,-11.099,0.869850654,27.785,1490,206.565,89.9975,17.87
688,-23.5974,-11.5333,0.869850654,27.785,1494,189.462,89.9976,15.33
689,-20.4578,-14.1565,0.869850654,27.785,1522,63.4349,89.9954,18.76
690,-21.8486,-14.7327,0.869850654,27.785,1516,0.784825,89.998,21.34
691,-20.2004,-13.8077,0.869850654,27.785,1516,51.9112,89.9969,21.42
692,-22.2327,-12.7856,0.869850654,27.785,1502,22.6199,89.9972,21.78
693,-21.8003,-12.5784,0.869850654,27.785,1529,45,89.9897,7.4
694,-14.3399,-10.9292,0.869850654,27.785,1391,251.565,89.977,8.12
695,-12.2792,-8.99796,0.869850654,27.785,1392,30.9638,89.975,6.52
696,-21.2603,-12.9251,0.869850654,27.785,1398,135,89.9921,9.82
697,-13.4759,-7.54387,0.869850654,27.785,1390,201.801,89.9865,8.02
698,-11.9529,-8.98372,0.869850654,27.785,1391,203.199,89.9809,12.16
699,-25.3225,-13.017,0.869850654,27.785,1389,288.435,89.954,16.66
700,-23.2928,-14.2798,0.869850654,27.785,1392,296.565,89.9837,10.76
701,-19.2173,-11.1585,0.869850654,27.785,1393,3.01279,89.9923,9.18
702,-20.0503,-13.7652,0.869850654,27.785,1394,341.565,89.9885,14.16
703,-26.1257,-15.0465,0.869850654,27.785,1392,281.31,89.9715,8.34
704,-25.6518,-15.7239,0.869850654,27.785,1420,315,89.9657,7.83
705,-26.4441,-14.8379,0.869850654,27.785,1421,275.194,89.9868,11.9
706,-25.715,-14.3277,0.869850654,27.785,1421,281.31,89.9857,10.87
707,-24.7776,-13.4446,0.869850654,27.785,1417,309.806,89.9907,7.97
708,-21.4314,-13.9234,0.869850654,27.785,1422,287.103,89.9947,8.37
709,-21.6763,-13.9022,0.869850654,27.785,1405,312.397,89.9953,11.73
710,-21.9965,-13.5804,0.869850654,27.785,1443,333.435,89.9837,11.27
711,-23.6992,-13.4688,0.869850654,27.785,1452,0,89.9962,15.83
712,-20.8191,-9.12201,0.869850654,27.785,1456,45,89.9794,9.33
713,-18.5383,-0.927131,0.869850654,27.785,1454,116.565,89.9837,10.3
714,-20.0227,-9.36413,0.869850654,27.785,1398,270,89.9818,7.8
715,-21.0555,-9.49784,0.869850654,27.785,1399,108.435,89.954,13.94
716,-19.7828,-12.0101,0.869850654,27.785,1403,338.199,89.9932,17.58
717,-20.0796,-14.1119,0.869850654,27.785,1408,319.97,89.9955,9.52
718,-18.8993,-11.383,0.869850654,27.785,1400,171.87,89.9794,14.23
719,-23.5515,-15.3571,0.869850654,27.785,1426,358.025,89.995,10.63
720,-20.7657,-15.5777,0.869850654,27.785,1429,323.746,89.9922,14.07
721,-17.8042,-13.9059,0.869850654,27.785,1420,334.654,89.9931,4.87
722,-22.5514,-14.9477,0.869850654,27.785,1423,290.225,89.9928,8.93
723,-23.0453,-13.8703,0.869850654,27.785,1417,294.444,89.988,4.5
724,-24.4338,-12.3597,0.869850654,27.785,1435,303.959,89.9975,32.7
725,-24.5754,-10.6817,0.869850654,27.785,1417,299.358,89.996,11.17
726,-24.1281,-11.7007,0.869850654,27.785,1428,242.354,89.9939,22.1
727,-25.3023,-15.6859,0.869850654,27.785,1420,290.854,89.9968,11.6
728,-23.4115,-14.9442,0.869850654,27.785,1432,324.462,89.9915,12.2
729,-19.7273,-9.45707,0.869850654,27.785,1382,63.4349,89.9935,14.23
730,-23.7677,-14.2871,0.869850654,27.785,1375,112.38,89.9921,21.08
731,-18.8436,-13.1496,0.869850654,27.785,1373,175.365,89.998,14.86
732,-19.1564,-12.1489,0.869850654,27.785,1370,180,89.996,21
733,-20.8145,-9.72218,0.869850654,27.785,1377,109.537,89.9956,19.33
734,-23.4611,-15.7337,0.869850654,27.785,1337,194.349,89.9967,9.24
735,-20.5405,-15.0215,0.869850654,27.785,1345,190.244,89.9983,13.2
736,-18.128,-16.4339,0.869850654,27.785,1338,49.0856,89.9963,12.76
737,-21.8528,-11.8473,0.869850654,27.785,1333,161.565,89.9847,11.1
738,-20.6433,-16.1421,0.869850654,27.785,1335,169.992,89.9916,4.48
739,-15.9467,-12.1382,1.649903003,23.625,1525,0,89.9944,19.82
740,-17.8187,-10.6556,1.649903003,23.625,1528,356.424,89.9955,21.92
741,-20.8719,-8.96815,1.649903003,23.625,1537,353.66,89.9968,31.5
742,-17.3845,-11.4299,1.649903003,23.625,1528,355.914,89.9948,23.12
743,-21.8094,-14.4985,1.649903003,23.625,1533,3.57633,89.9955,18.68
744,-19.8052,-12.9767,1.649903003,23.625,1573,10.6197,89.9978,18.67
745,-18.9996,-10.662,1.649903003,23.625,1575,352.147,89.9975,29.7
746,-17.9932,-11.4565,1.649903003,23.625,1550,358.877,89.9971,16.77
747,-21.2652,-15.4402,1.649903003,23.625,1555,355.03,89.9968,19.1
748,-18.0833,-11.6478,1.649903003,23.625,1557,1.04163,89.9974,18.83
749,-18.2013,-13.1378,1.649903003,23.625,1627,83.6598,89.9946,18.5
750,-20.4438,-14.6156,1.649903003,23.625,1619,236.31,89.9933,20.6
751,-19.9128,-14.0991,1.649903003,23.625,1632,310.426,89.9959,17.03
752,-19.9606,-12.0652,1.649903003,23.625,1631,41.1859,89.9932,26.27
753,-17.7158,-13.0699,1.649903003,23.625,1635,328.392,89.9952,15.67
754,-23.2139,-14.6257,1.649903003,23.625,1623,249.905,89.9967,12.7
755,-21.4254,-15.1168,1.649903003,23.625,1618,258.024,89.9957,30.53
756,-18.7869,-13.1013,1.649903003,23.625,1620,312.138,89.9949,7.3
757,-18.6775,-11.6489,1.649903003,23.625,1630,299.055,89.9929,13.57
758,-19.3888,-10.3591,1.649903003,23.625,1629,260.538,89.994,11.53
759,-22.8547,-14.4107,1.649903003,23.625,1595,333.853,89.9976,13.9
760,-22.437,-12.7206,1.649903003,23.625,1591,324.09,89.9959,18.3
761,-23.4618,-13.5533,1.649903003,23.625,1595,342.759,89.9976,10.63
762,-17.9017,-10.5964,1.649903003,23.625,1605,340.278,89.9974,15.1
763,-20.6136,-14.6373,1.649903003,23.625,1605,340.278,89.9974,18.63
764,-21.9884,-11.8152,1.649903003,23.625,1540,193.671,89.9962,15.23
765,-20.8236,-10.2553,1.649903003,23.625,1543,186.843,89.9942,21.1
766,-22.5982,-9.26693,1.649903003,23.625,1537,160.463,89.9956,19.6
767,-22.4297,-11.1026,1.649903003,23.625,1540,183.576,89.9955,19.03
768,-21.4131,-9.96271,1.649903003,23.625,1540,183.576,89.9955,27.63
769,-18.6873,-10.5116,1.649903003,23.625,1552,165.964,89.9912,12.1
770,-18.8216,-13.4271,1.649903003,23.625,1553,150.255,89.991,16.43
771,-17.6159,-13.4234,1.649903003,23.625,1555,161.565,89.9908,21.9
772,-17.5014,-11.3885,1.649903003,23.625,1555,144.462,89.9831,13.9
773,-18.4712,-14.0959,1.649903003,23.625,1554,161.565,89.9908,20.5
774,-18.4379,-11.5981,1.649903003,23.625,1546,180,89.9896,13.63
775,-20.0344,-13.0682,1.649903003,23.625,1547,142.125,89.9872,17.6
776,-18.4846,-11.9103,1.649903003,23.625,1547,180,89.9636,15.03
777,-16.9792,-9.64165,1.649903003,23.625,1545,233.13,89.9855,16
778,-17.939,-7.29618,1.649903003,23.625,1547,239.036,89.975,15.6
779,-20.012,-15.4274,1.649903003,23.625,1595,231.34,89.9886,22.8
780,-19.8925,-12.2345,1.649903003,23.625,1596,18.4349,89.9885,19.73
781,-18.8088,-12.1039,1.649903003,23.625,1595,251.565,89.977,21.83
782,-18.4169,-11.3975,1.649903003,23.625,1596,148.241,89.9941,22.8
783,-16.385,-15.0531,1.649903003,23.625,1594,185.194,89.9868,18.03
784,-18.4566,-10.7159,1.649903003,23.625,1589,63.4349,89.9892,21.6
785,-16.8385,-13.5716,1.649903003,23.625,1592,56.3099,89.9933,19.93
786,-16.814,-13.2223,1.649903003,23.625,1596,161.565,89.9885,18.73
787,-20.4853,-11.3159,1.649903003,23.625,1594,201.371,89.9941,17.57
788,-17.4532,-11.5686,1.649903003,23.625,1593,78.6901,89.9943,23.63
789,-19.1037,-12.1988,1.271387041,25.815,1463,135,89.9794,14.07
790,-16.6278,-11.121,1.271387041,25.815,1463,120.964,89.9875,15.3
791,-22.6767,-11.2745,1.271387041,25.815,1472,135,89.9853,13.17
792,-19.3408,-9.95766,1.271387041,25.815,1463,135,89.9743,19.07
793,-16.964,-10.2814,1.271387041,25.815,1463,168.69,89.9857,21.03
794,-15.7152,-11.0593,1.271387041,25.815,1461,270,89.9757,23.53
795,-17.3534,-10.4052,1.271387041,25.815,1458,293.199,89.9809,24.67
796,-15.0505,-11.4864,1.271387041,25.815,1459,176.987,89.9923,19.23
797,-19.2898,-9.48424,1.271387041,25.815,1456,251.565,89.9885,17.23
798,-16.2192,-11.9015,1.271387041,25.815,1458,135,89.8971,30.5
799,-15.299,-9.42575,1.271387041,25.815,1471,243.435,89.9892,16.07
800,-16.6386,-9.49077,1.271387041,25.815,1473,188.13,89.9794,18.47
801,-17.6002,-10.1967,1.271387041,25.815,1469,296.565,89.9675,18.53
802,-17.0955,-10.5205,1.271387041,25.815,1476,291.801,89.9865,25.23
803,-20.898,-10.0913,1.271387041,25.815,1471,291.038,89.9896,19.27
804,-22.7505,-8.80363,1.271387041,25.815,1491,261.87,89.9794,17.9
805,-12.8382,-10.8026,1.271387041,25.815,1486,315,89.9914,22.47
806,-20.9348,-9.8213,1.271387041,25.815,1469,348.69,89.9715,16.03
807,-22.0794,-11.4902,1.271387041,25.815,1470,255.964,89.9824,12.73
808,-21.8047,-9.6957,1.271387041,25.815,1485,222.614,89.9957,14.83
809,-20.1757,-11.7969,1.271387041,25.815,1466,270,89.9636,14.53
810,-17.4597,-10.6266,1.271387041,25.815,1464,215.538,89.9831,16.65
811,-17.2188,-8.5585,1.271387041,25.815,1477,341.565,89.9847,19.03
812,-13.6214,-9.78521,1.271387041,25.815,1473,349.992,89.9916,18.23
813,-16.8235,-9.41391,1.271387041,25.815,1465,239.036,89.975,19.58
814,-18.0793,-10.9707,1.271387041,25.815,1413,135,89.9657,9.63
815,-23.6628,-9.01279,1.271387041,25.815,1423,50.7106,89.9898,5.4
816,-13.5067,-6.75488,1.271387041,25.815,1412,33.6901,89.9798,7.4
817,-10.7665,-5.35308,1.271387041,25.815,1410,59.0362,89.975,7.83
818,-12.5676,-6.27089,1.271387041,25.815,1412,45,89.8971,8.63
819,-21.9247,-15.4972,1.271387041,25.815,1419,54.4623,89.9831,18.4
820,-24.2804,-12.0335,1.271387041,25.815,1425,23.1986,89.9904,11.33
821,-24.2556,-15.4276,1.271387041,25.815,1426,45,89.9871,14.47
822,-22.6265,-11.6283,1.271387041,25.815,1422,53.7462,89.9922,13.2
823,-23.407,-13.3528,1.271387041,25.815,1423,54.4623,89.9915,15.63
824,-17.8175,-13.6696,1.271387041,25.815,1416,111.038,89.9896,13.15
825,-17.087,-13.0444,1.271387041,25.815,1417,156.801,89.9904,13.33
826,-19.0787,-14.93,1.271387041,25.815,1416,55.3048,89.9908,12.07
827,-16.3168,-12.012,1.271387041,25.815,1416,24.444,89.988,13.47
828,-17.1731,-15.3928,1.271387041,25.815,1413,57.5288,89.9888,11.7
829,-13.8279,-8.60616,1.271387041,25.815,1414,18.4349,89.977,8.52
830,-13.6555,-7.92866,1.271387041,25.815,1413,315,89.9485,8.93
831,-13.8941,-8.08976,1.271387041,25.815,1419,0,89.9927,8.5
832,-15.0771,-8.824,1.271387041,25.815,1419,15.9454,89.99,5.78
833,-11.4655,-11.0206,1.271387041,25.815,1414,4.39871,89.9888,9.98
834,-12.683,-6.73039,1.271387041,25.815,1426,18.4349,89.9885,8.7
835,-13.3382,-8.58172,1.271387041,25.815,1427,6.34019,89.9839,9.67
836,-12.7585,-6.03334,1.271387041,25.815,1428,120.964,89.975,16
837,-12.5434,-8.60097,1.271387041,25.815,1427,173.66,89.9839,9.5
838,-14.3635,-7.51566,1.271387041,25.815,1427,165.964,89.9824,9.87
839,-17.6557,-10.2919,1.271387041,25.815,1448,57.5288,89.9888,18.2
840,-14.1381,-8.00798,1.271387041,25.815,1449,326.31,89.9798,25.53
841,-20.7579,-11.2113,1.271387041,25.815,1447,315,89.9886,14.6
842,-16.5817,-11.9507,1.271387041,25.815,1442,356.987,89.9923,14.47
843,-16.5513,-14.4169,1.271387041,25.815,1441,66.8014,89.9809,19.67
844,-16.3895,-8.69094,1.271387041,25.815,1442,231.34,89.9886,18.27
845,-17.6668,-7.82645,1.271387041,25.815,1446,261.254,89.9945,22.93
846,-13.1266,-5.65924,1.271387041,25.815,1441,33.6901,89.996,19.23
847,-15.8626,-11.3969,1.271387041,25.815,1458,331.699,89.9901,18.5
848,-16.5612,-10.0648,1.271387041,25.815,1447,9.16235,89.9954,15.37
849,-20.1652,-11.3638,1.271387041,25.815,1460,207.553,89.9972,11.8
850,-19.5578,-10.1714,1.271387041,25.815,1461,124.992,89.994,12.07
851,-15.931,-8.99003,1.271387041,25.815,1454,0,89.9818,17
852,-13.5506,-9.85424,1.271387041,25.815,1454,315,89.9794,13.4
853,-19.3194,-12.1305,1.271387041,25.815,1455,143.746,89.9922,14.4
854,-15.1658,-2.20011,1.271387041,25.815,1455,315,89.9828,18.17
855,-24.633,-11.066,1.271387041,25.815,1462,348.69,89.9905,15.83
856,-21.2304,-15.1382,1.271387041,25.815,1462,180,89.9818,14.8
857,-22.5076,-14.523,1.271387041,25.815,1461,135,89.9828,16.1
858,-21.2089,-12.8244,1.271387041,25.815,1464,146.31,89.9798,18.37
859,-16.1643,-7.03771,1.271387041,25.815,1464,303.69,89.9899,14.03
860,-15.1051,-8.22782,1.271387041,25.815,1456,15.2551,89.9872,15.7
861,-13.8673,-7.55072,1.271387041,25.815,1459,171.027,89.9924,17
862,-17.7119,-10.2393,1.271387041,25.815,1462,86.6335,89.9915,16.9
863,-16.1055,-9.65806,1.271387041,25.815,1465,26.5651,89.9892,16.67
864,-20.1901,-13.1346,1.271387041,25.815,1450,232.125,89.9957,11.77
865,-18.0631,-12.639,1.271387041,25.815,1439,183.366,89.9957,14.57
866,-14.4677,-8.65429,1.271387041,25.815,1424,246.038,89.9926,15.87
867,-13.9913,-4.46065,1.271387041,25.815,1440,206.565,89.9919,13.23
868,-13.3057,-6.58848,1.271387041,25.815,1435,248.749,89.9962,13.03
869,-20.2368,-11.4533,1.271387041,25.815,1426,270.573,89.9993,13.1
870,-19.0738,-12.5459,1.271387041,25.815,1365,110.41,89.9984,11.67
871,-14.8097,-4.15506,1.271387041,25.815,1424,1.28444,89.9993,19.57
872,-16.466,-8.3727,1.271387041,25.815,1440,301.329,89.9973,16.37
873,-20.0126,-10.4638,1.271387041,25.815,1395,289.654,89.9994,14.3
874,-16.5838,-7.46255,1.271387041,25.815,1445,45,89.9828,10.63
875,-14.9338,-3.16768,1.271387041,25.815,1441,270,89.9919,15.3
876,-16.6493,-7.80622,1.271387041,25.815,1441,288.435,89.954,11.73
877,-11.966,-8.78926,1.271387041,25.815,1441,176.634,89.9915,11.9
878,-14.9557,-6.35368,1.271387041,25.815,1442,198.435,89.9847,13.33
879,-19.4821,-10.5108,1.271387041,25.815,1432,90,89.9636,12.63
880,-20.3532,-12.4714,1.271387041,25.815,1432,270,89.9818,9.7
881,-19.0167,-13.1217,1.271387041,25.815,1430,104.036,89.9824,11.9
882,-19.9119,-12.5303,1.271387041,25.815,1431,174.806,89.9868,17.87
883,-23.1313,-13.1568,1.271387041,25.815,1433,180,89.9272,9.33
884,-22.3758,-13.3866,1.271387041,25.815,1432,347.276,89.9954,23
885,-21.1479,-13.551,1.271387041,25.815,1431,93.3665,89.9957,16.73
886,-15.2049,-8.49491,1.271387041,25.815,1425,38.6598,89.9886,13.9
887,-16.6558,-8.56309,1.271387041,25.815,1429,143.531,89.9949,13.23
888,-14.183,-10.9152,1.271387041,25.815,1425,67.6199,89.9921,15.1
889,-20.6077,-13.2558,1.271387041,25.815,1513,234.462,89.9915,11.7
890,-19.6846,-15.1,1.271387041,25.815,1504,273.18,89.996,10.92
891,-14.7289,-7.22463,1.271387041,25.815,1508,212.005,89.9923,10.12
892,-20.6639,-14.7882,1.271387041,25.815,1514,236.31,89.9899,6.93
893,-20.285,-13.1965,1.271387041,25.815,1509,229.086,89.9927,11.1
894,-15.6965,-8.79727,1.271387041,25.815,1464,174.472,89.9953,11.82
895,-15.5558,-10.0125,1.271387041,25.815,1472,161.565,89.9885,9
896,-17.5303,-12.1655,1.271387041,25.815,1471,164.745,89.9872,11.82
897,-18.2793,-9.48308,1.271387041,25.815,1468,180,89.9927,12.63
898,-14.7063,-8.75211,1.271387041,25.815,1469,161.565,89.9847,10.75
899,-18.9037,-14.3569,1.271387041,25.815,1486,207.474,89.9948,10.97
900,-19.6573,-15.7603,1.271387041,25.815,1488,213.111,89.9947,10.93
901,-18.2368,-12.1831,1.271387041,25.815,1501,206.565,89.9946,10.55
902,-19.1054,-11.512,1.271387041,25.815,1493,209.055,89.9953,12.68
903,-18.484,-9.63615,1.271387041,25.815,1456,315,89.9657,11.43
904,-18.1204,-12.5463,1.271387041,25.815,1457,174.094,89.995,13.73
905,-12.7805,-10.2396,1.271387041,25.815,1465,161.565,89.977,9.63
906,-14.7691,-7.68292,1.271387041,25.815,1459,213.69,89.9899,6.93
907,-15.9264,-10.4638,1.271387041,25.815,1458,191.31,89.9952,7.43
908,-16.8942,-12.4087,1.271387041,25.815,1465,149.036,89.975,14.97
909,-18.2666,-13.7452,1.271387041,25.815,1463,303.69,89.9933,7.5
910,-13.9087,-12.5902,1.271387041,25.815,1463,18.4349,89.9847,12.47
911,-18.7798,-13.4233,1.271387041,25.815,1465,251.565,89.977,15.6
912,-16.6242,-15.6168,1.271387041,25.815,1465,45,89.9743,16
913,-22.445,-13.601,1.271387041,25.815,1498,288.435,89.9885,10.4
914,-19.2286,-12.2361,1.271387041,25.815,1496,237.095,89.9928,8.17
915,-19.701,-8.01877,1.271387041,25.815,1487,263.66,89.992,10.57
916,-22.0918,-14.1094,1.271387041,25.815,1492,310.914,89.9927,12.3
917,-19.1421,-16.3579,1.271387041,25.815,1491,246.801,89.9904,11.1
918,-19.4042,-15.2762,1.271387041,25.815,1518,315,89.9743,11.2
919,-15.6484,-13.0048,1.271387041,25.815,1516,146.31,89.9798,8.57
920,-19.8881,-12.6949,1.271387041,25.815,1514,101.31,89.9715,10
921,-18.9199,-12.5762,1.271387041,25.815,1518,153.435,89.9675,8.8
922,-20.2342,-14.9733,1.271387041,25.815,1517,125.538,89.9831,10.1
923,-19.8381,-12.7136,1.271387041,25.815,1509,257.471,89.9921,11.3
924,-15.8109,-14.2447,1.271387041,25.815,1511,180,89.9919,10.53
925,-21.6957,-12.2847,1.271387041,25.815,1512,145.305,89.9908,10.67
926,-22.7256,-15.0427,1.271387041,25.815,1514,265.601,89.9888,9.97
927,-20.7535,-15.124,1.271387041,25.815,1513,215.538,89.9831,10.73
928,-16.8738,-10.6601,1.271387041,25.815,1505,14.3493,89.9967,8.23
929,-14.535,-10.2718,1.271387041,25.815,1496,1.33222,89.9966,7.93
930,-16.867,-13.5866,1.271387041,25.815,1488,17.2415,89.9952,8.4
931,-17.184,-12.0244,1.271387041,25.815,1492,25.821,89.9958,7.67
932,-15.7906,-11.541,1.271387041,25.815,1498,25.4633,89.9969,8.5
933,-19.7407,-12.8757,1.271387041,25.815,1494,225,89.9936,11.17
934,-21.0627,-13.4108,1.271387041,25.815,1499,200.556,89.9915,9.77
935,-20.6551,-14.5242,1.271387041,25.815,1501,295.346,89.9931,5.37
936,-21.6349,-14.9544,1.271387041,25.815,1502,329.931,89.9934,6.4
937,-22.9838,-14.4393,1.271387041,25.815,1498,260.538,89.988,9.6
